{
    "status": "",
    "received_packets": 526727,
    "min_max_window": 540000,
    "sent_packets": 540000,
    "loss": 2.4578888888888883,
    "bad_loss": 0,
    "rtt4": {
    "0_49": 0,
    "50_179": 0,
    "180_399": 57.58609259259259,
    "400_999": 39.95601851851852,
    "1000_1999": 0,
    "2000+": 0
    },
    "score": 8.4
}