{
    "status": "",
    "received_packets": 323998,
    "min_max_window": 324000,
    "sent_packets": 324000,
    "loss": 0.0005478395061732754,
    "bad_loss": 0,
    "rtt4": {
    "0_49": 0,
    "50_179": 0,
    "180_399": 75.05071759259259,
    "400_999": 24.948734567901237,
    "1000_1999": 0,
    "2000+": 0
    },
    "score": 9.302500000000002
}