{
    "status": "",
    "received_packets": 176864,
    "min_max_window": 323999,
    "sent_packets": 324000,
    "loss": 45.412031685734995,
    "bad_loss": 0.08361116743408552,
    "rtt4": {
    "0_49": 0,
    "50_179": 0,
    "180_399": 7.663010280653251,
    "400_999": 46.924958033611745,
    "1000_1999": 0,
    "2000+": 0
    },
    "score": -5.845000000000001
}