{
    "status": "",
    "received_packets": 4799,
    "min_max_window": 0,
    "sent_packets": 4800,
    "loss": 0.005260521042084055,
    "bad_loss": 0,
    "rtt4": {
    "0_49": 0,
    "50_179": 0,
    "180_399": 99.99252672010688,
    "400_999": 0.0022127588510354045,
    "1000_1999": 0,
    "2000+": 0
    },
    "score": 9.4982561998998
}