{
    "status": "",
    "received_packets": 47928,
    "min_max_window": 0,
    "sent_packets": 48000,
    "loss": 0.14903198653198643,
    "bad_loss": 0,
    "rtt4": {
    "0_49": 0,
    "50_179": 0,
    "180_399": 99.79318181818176,
    "400_999": 0.057449494949494966,
    "1000_1999": 0.0003367003367003367,
    "2000+": 0
    },
    "score": 9.450630225869807
}