{
    "status": "",
    "received_packets": 26870,
    "min_max_window": 0,
    "sent_packets": 27000,
    "loss": 0.48059259259259224,
    "bad_loss": 0,
    "rtt4": {
    "0_49": 0,
    "50_179": 0,
    "180_399": 0,
    "400_999": 0,
    "1000_1999": 0,
    "2000+": 0
    },
    "score": 9.34204432098765
}