{
    "status": "",
    "received_packets": 41171,
    "min_max_window": 539860,
    "sent_packets": 540000,
    "loss": 92.37321870380613,
    "bad_loss": 64.34947999565867,
    "rtt4": {
    "0_49": 0,
    "50_179": 0,
    "180_399": 1.6009703021823067,
    "400_999": 5.438570283778062,
    "1000_1999": 0.5053567737363218,
    "2000+": 0.08188393649715507
    },
    "score": -85.23725490196077
}