{
    "status": "",
    "received_packets": 1200,
    "min_max_window": 0,
    "sent_packets": 540000,
    "loss": 0.009445562262463672,
    "bad_loss": 0,
    "rtt4": {
        "0_49": 3.853483452825197,
        "50_179": 8.012188434651554,
        "180_399": 8.97599787995354,
        "400_999": 23.247808494080175,
        "1000_1999": 13.850023523313277,
        "2000+": 42.05105265291383
    },
    "score": 7.212570662941548
}