{
    "status": "",
    "received_packets": 539801,
    "min_max_window": 540000,
    "sent_packets": 540000,
    "loss": 0.03672222222222388,
    "bad_loss": 0,
    "rtt4": {
    "0_49": 0,
    "50_179": 0,
    "180_399": 59.3925,
    "400_999": 40.570777777777785,
    "1000_1999": 0,
    "2000+": 0
    },
    "score": 9.18
}