{
    "status": "",
    "received_packets": 112666,
    "min_max_window": 539996,
    "sent_packets": 540000,
    "loss": 79.13562917498317,
    "bad_loss": 10.93038563732112,
    "rtt4": {
    "0_49": 0,
    "50_179": 0,
    "180_399": 2.0617738523993165,
    "400_999": 14.97637668698847,
    "1000_1999": 3.4925049889391637,
    "2000+": 0.33371529668988037
    },
    "score": -27.6125
}