{
    "status": "",
    "received_packets": 95774,
    "min_max_window": 96000,
    "sent_packets": 96000,
    "loss": 0.23499149659863947,
    "bad_loss": 0,
    "rtt4": {
    "0_49": 0,
    "50_179": 0,
    "180_399": 67.8956207482993,
    "400_999": 31.869387755102043,
    "1000_1999": 0,
    "2000+": 0
    },
    "score": 9.185714285714285
}