{
    "status": "",
    "received_packets": 166680,
    "min_max_window": 539995,
    "sent_packets": 540000,
    "loss": 69.1329046812518,
    "bad_loss": 8.217569301392029,
    "rtt4": {
    "0_49": 0,
    "50_179": 0,
    "180_399": 5.269652480466043,
    "400_999": 21.0247427915696,
    "1000_1999": 4.571714853652978,
    "2000+": 0.0009851930595392347
    },
    "score": -21.670000000000005
}