{
    "status": "",
    "received_packets": 17289,
    "min_max_window": 0,
    "sent_packets": 270000,
    "loss": 0,
    "bad_loss": 0,
    "rtt4": {
        "0_49": 91.77573254310248,
        "50_179": 6.486647683541599,
        "180_399": 1.6393255100322228,
        "400_999": 0.09599475196987373,
        "1000_1999": 0.0022995113538373095,
        "2000+": 0
    },
    "score": 9.99054595026637
}