{
    "status": "",
    "received_packets": 95983,
    "min_max_window": 96000,
    "sent_packets": 96000,
    "loss": 0.017000000000001025,
    "bad_loss": 0,
    "rtt4": {
    "0_49": 0,
    "50_179": 0,
    "180_399": 71.16620833333333,
    "400_999": 28.816791666666667,
    "1000_1999": 0,
    "2000+": 0
    },
    "score": 9.292000000000003
}