{
    "status": "",
    "received_packets": 537800,
    "min_max_window": 540000,
    "sent_packets": 540000,
    "loss": 0.4074074074074076,
    "bad_loss": 0,
    "rtt4": {
    "0_49": 0,
    "50_179": 0,
    "180_399": 76.25425925925927,
    "400_999": 23.33833333333333,
    "1000_1999": 0,
    "2000+": 0
    },
    "score": 9.16
}