{
    "status": "",
    "received_packets": 323977,
    "min_max_window": 324000,
    "sent_packets": 324000,
    "loss": 0.006833333333335929,
    "bad_loss": 0,
    "rtt4": {
    "0_49": 0,
    "50_179": 0,
    "180_399": 68.28412345679013,
    "400_999": 31.709043209876544,
    "1000_1999": 0,
    "2000+": 0
    },
    "score": 9.261999999999999
}