{
    "status": "",
    "received_packets": 539999,
    "min_max_window": 540000,
    "sent_packets": 540000,
    "loss": 0.00011111111111290483,
    "bad_loss": 0,
    "rtt4": {
    "0_49": 0,
    "50_179": 0,
    "180_399": 85.51566666666666,
    "400_999": 14.484222222222224,
    "1000_1999": 0,
    "2000+": 0
    },
    "score": 9.4
}