{
    "status": "",
    "received_packets": 95999,
    "min_max_window": 96000,
    "sent_packets": 96000,
    "loss": 0.0001666666666665151,
    "bad_loss": 0,
    "rtt4": {
    "0_49": 0,
    "50_179": 0,
    "180_399": 71.22495833333332,
    "400_999": 28.774875,
    "1000_1999": 0,
    "2000+": 0
    },
    "score": 9.296000000000003
}