{
    "status": "",
    "received_packets": 309241,
    "min_max_window": 539998,
    "sent_packets": 540000,
    "loss": 42.73298402439421,
    "bad_loss": 0.36945951673976557,
    "rtt4": {
    "0_49": 0,
    "50_179": 0,
    "180_399": 14.883555333064217,
    "400_999": 41.74939850156397,
    "1000_1999": 0.6327889884483947,
    "2000+": 0.0012731525291974838
    },
    "score": -5.2225
}