{
    "status": "",
    "received_packets": 84658,
    "min_max_window": 539963,
    "sent_packets": 540000,
    "loss": 84.31988577337859,
    "bad_loss": 55.05137931218155,
    "rtt4": {
    "0_49": 0,
    "50_179": 0,
    "180_399": 3.889074669749529,
    "400_999": 9.678964800462248,
    "1000_1999": 2.0485139450436485,
    "2000+": 0.06356081136595301
    },
    "score": -73.35066666666667
}