{
    "status": "",
    "received_packets": 89751,
    "min_max_window": 95999,
    "sent_packets": 96000,
    "loss": 6.508386807197645,
    "bad_loss": 0,
    "rtt4": {
    "0_49": 0,
    "50_179": 0,
    "180_399": 29.44745364925675,
    "400_999": 64.04415954354558,
    "1000_1999": 0,
    "2000+": 0
    },
    "score": 6.884999999999998
}