{
    "status": "",
    "received_packets": 91303,
    "min_max_window": 95999,
    "sent_packets": 96000,
    "loss": 4.892459209427528,
    "bad_loss": 0.0030520833333333337,
    "rtt4": {
    "0_49": 0,
    "50_179": 0,
    "180_399": 46.04005209852448,
    "400_999": 49.06748869204801,
    "1000_1999": 0,
    "2000+": 0
    },
    "score": 7.520999999999998
}