{
    "status": "",
    "received_packets": 509597,
    "min_max_window": 540000,
    "sent_packets": 540000,
    "loss": 5.630111111111111,
    "bad_loss": 0,
    "rtt4": {
    "0_49": 0,
    "50_179": 0,
    "180_399": 51.23254074074073,
    "400_999": 43.137348148148156,
    "1000_1999": 0,
    "2000+": 0
    },
    "score": 7.336000000000002
}