{
    "status": "",
    "received_packets": 10786,
    "min_max_window": 0,
    "sent_packets": 10800,
    "loss": 0.12359098228663519,
    "bad_loss": 0,
    "rtt4": {
    "0_49": 0,
    "50_179": 0,
    "180_399": 99.87278582930756,
    "400_999": 0.003623188405797101,
    "1000_1999": 0,
    "2000+": 0
    },
    "score": 9.459393786902845
}