{
    "status": "",
    "received_packets": 2948,
    "min_max_window": 0,
    "sent_packets": 270000,
    "loss": 0.029833807107015005,
    "bad_loss": 0,
    "rtt4": {
        "0_49": 40.44928824132177,
        "50_179": 40.816573069872994,
        "180_399": 13.618663739285221,
        "400_999": 4.896148324262907,
        "1000_1999": 0.17835944028322706,
        "2000+": 0.0111333778668448
    },
    "score": 9.85574456998085
}