{
    "status": "",
    "received_packets": 313255,
    "min_max_window": 324000,
    "sent_packets": 324000,
    "loss": 3.316087962962963,
    "bad_loss": 0,
    "rtt4": {
    "0_49": 0,
    "50_179": 0,
    "180_399": 52.2214814814815,
    "400_999": 44.46243055555556,
    "1000_1999": 0,
    "2000+": 0
    },
    "score": 8.0825
}