{
    "status": "",
    "received_packets": 93268,
    "min_max_window": 96000,
    "sent_packets": 96000,
    "loss": 2.8449270833333333,
    "bad_loss": 0,
    "rtt4": {
    "0_49": 0,
    "50_179": 0,
    "180_399": 54.62940625,
    "400_999": 42.52566666666669,
    "1000_1999": 0,
    "2000+": 0
    },
    "score": 8.246999999999996
}