{
    "status": "",
    "received_packets": 9591,
    "min_max_window": 0,
    "sent_packets": 27969,
    "loss": 0,
    "bad_loss": 0,
    "rtt4": {
        "0_49": 99.9999901497242,
        "50_179": 0.000009850275807722617,
        "180_399": 0,
        "400_999": 0,
        "1000_1999": 0,
        "2000+": 0
    },
    "score": 10
}