{
    "status": "",
    "received_packets": 95649,
    "min_max_window": 96000,
    "sent_packets": 96000,
    "loss": 0.3652499999999998,
    "bad_loss": 0,
    "rtt4": {
    "0_49": 0,
    "50_179": 0,
    "180_399": 65.40831249999995,
    "400_999": 34.226437499999996,
    "1000_1999": 0,
    "2000+": 0
    },
    "score": 9.122000000000012
}