{
    "status": "",
    "received_packets": 330766,
    "min_max_window": 539999,
    "sent_packets": 540000,
    "loss": 38.74689643879312,
    "bad_loss": 0,
    "rtt4": {
    "0_49": 0,
    "50_179": 0,
    "180_399": 16.691481242240062,
    "400_999": 44.561622318966805,
    "1000_1999": 0,
    "2000+": 0
    },
    "score": -3.553333333333334
}