{
    "status": "",
    "received_packets": 538923,
    "min_max_window": 540000,
    "sent_packets": 540000,
    "loss": 0.19928395061728282,
    "bad_loss": 0,
    "rtt4": {
    "0_49": 0,
    "50_179": 0,
    "180_399": 77.95604938271605,
    "400_999": 21.844666666666665,
    "1000_1999": 0,
    "2000+": 0
    },
    "score": 9.28
}