{
    "status": "",
    "received_packets": 95999,
    "min_max_window": 96000,
    "sent_packets": 96000,
    "loss": 0.00024999999999977265,
    "bad_loss": 0,
    "rtt4": {
    "0_49": 0,
    "50_179": 0,
    "180_399": 68.07722916666667,
    "400_999": 31.92252083333333,
    "1000_1999": 0,
    "2000+": 0
    },
    "score": 9.265999999999998
}