{
    "status": "",
    "received_packets": 323410,
    "min_max_window": 324000,
    "sent_packets": 324000,
    "loss": 0.1818209876543211,
    "bad_loss": 0,
    "rtt4": {
    "0_49": 0,
    "50_179": 0,
    "180_399": 51.174436728395065,
    "400_999": 48.64374228395063,
    "1000_1999": 0,
    "2000+": 0
    },
    "score": 9.0775
}