{
    "status": "",
    "received_packets": 539692,
    "min_max_window": 540000,
    "sent_packets": 540000,
    "loss": 0.056866666666666676,
    "bad_loss": 0,
    "rtt4": {
    "0_49": 0,
    "50_179": 0,
    "180_399": 57.257081481481485,
    "400_999": 42.686051851851865,
    "1000_1999": 0,
    "2000+": 0
    },
    "score": 9.16
}