{
    "status": "",
    "received_packets": 87556,
    "min_max_window": 539988,
    "sent_packets": 540000,
    "loss": 83.78548144393191,
    "bad_loss": 36.420579173343036,
    "rtt4": {
    "0_49": 0,
    "50_179": 0,
    "180_399": 5.721755397947491,
    "400_999": 6.999015666815057,
    "1000_1999": 3.4888708636520844,
    "2000+": 0.004876627653453064
    },
    "score": -54.549333333333315
}