{
    "status": "",
    "received_packets": 26112,
    "min_max_window": 0,
    "sent_packets": 27000,
    "loss": 3.2877628104871426,
    "bad_loss": 0.39317790421120025,
    "rtt4": {
    "0_49": 0,
    "50_179": 0,
    "180_399": 96.6174935293791,
    "400_999": 0.09235417387328759,
    "1000_1999": 0.0023894862604540022,
    "2000+": 0
    },
    "score": 8.026599526982933
}