{
    "status": "",
    "received_packets": 301963,
    "min_max_window": 323999,
    "sent_packets": 324000,
    "loss": 6.801278664707052,
    "bad_loss": 0,
    "rtt4": {
    "0_49": 0,
    "50_179": 0,
    "180_399": 59.411773887276524,
    "400_999": 33.786947448016434,
    "1000_1999": 0,
    "2000+": 0
    },
    "score": 7.021999999999999
}