{
    "status": "",
    "received_packets": 35279,
    "min_max_window": 539951,
    "sent_packets": 540000,
    "loss": 93.46614153670592,
    "bad_loss": 70.07247442637907,
    "rtt4": {
    "0_49": 0,
    "50_179": 0,
    "180_399": 1.72743672145429,
    "400_999": 3.931084844841599,
    "1000_1999": 0.6711707240993382,
    "2000+": 0.2041661728988062
    },
    "score": -91.31643835616437
}