{
    "status": "",
    "received_packets": 323998,
    "min_max_window": 324000,
    "sent_packets": 324000,
    "loss": 0.0005884773662556123,
    "bad_loss": 0,
    "rtt4": {
    "0_49": 0,
    "50_179": 0,
    "180_399": 71.72198765432101,
    "400_999": 28.27742386831277,
    "1000_1999": 0,
    "2000+": 0
    },
    "score": 9.291999999999998
}