{
    "status": "",
    "received_packets": 94544,
    "min_max_window": 96000,
    "sent_packets": 96000,
    "loss": 1.5165694444444435,
    "bad_loss": 0.0007222222222222223,
    "rtt4": {
    "0_49": 0,
    "50_179": 0,
    "180_399": 39.9448611111111,
    "400_999": 58.53856944444444,
    "1000_1999": 0,
    "2000+": 0
    },
    "score": 8.557333333333334
}