{
    "status": "",
    "received_packets": 3998,
    "min_max_window": 0,
    "sent_packets": 48000,
    "loss": 99.99272034198219,
    "bad_loss": 481.81266186354657,
    "rtt4": {
    "0_49": 0,
    "50_179": 0,
    "180_399": 0.006960948205363409,
    "400_999": 0.000053717945303048527,
    "1000_1999": 0.00011112853632843676,
    "2000+": 0.00015386333082035309
    },
    "score": -505.14361459180355
}