{
    "status": "",
    "received_packets": 95999,
    "min_max_window": 96000,
    "sent_packets": 96000,
    "loss": 0.0001666666666665151,
    "bad_loss": 0,
    "rtt4": {
    "0_49": 0,
    "50_179": 0,
    "180_399": 41.304097222222225,
    "400_999": 58.695736111111096,
    "1000_1999": 0,
    "2000+": 0
    },
    "score": 9.061333333333337
}