{
    "status": "",
    "received_packets": 26991,
    "min_max_window": 0,
    "sent_packets": 27000,
    "loss": 0.03333333333333144,
    "bad_loss": 0,
    "rtt4": {
    "0_49": 0,
    "50_179": 0,
    "180_399": 99.96111111111111,
    "400_999": 0.005555555555555556,
    "1000_1999": 0,
    "2000+": 0
    },
    "score": 9.489013888888888
}