{
    "status": "",
    "received_packets": 463189,
    "min_max_window": 539999,
    "sent_packets": 540000,
    "loss": 14.224077587164357,
    "bad_loss": 0.0006296296296296296,
    "rtt4": {
    "0_49": 0,
    "50_179": 0,
    "180_399": 31.404043878214633,
    "400_999": 54.371878534621004,
    "1000_1999": 0,
    "2000+": 0
    },
    "score": 4.413333333333333
}