{
    "status": "",
    "received_packets": 4773,
    "min_max_window": 0,
    "sent_packets": 4800,
    "loss": 0.5623436957080564,
    "bad_loss": 0,
    "rtt4": {
    "0_49": 0,
    "50_179": 0,
    "180_399": 99.40947001891567,
    "400_999": 0.0281862853763426,
    "1000_1999": 0,
    "2000+": 0
    },
    "score": 9.315152422768865
}