{
    "status": "",
    "received_packets": 539975,
    "min_max_window": 540000,
    "sent_packets": 540000,
    "loss": 0.004617283950617737,
    "bad_loss": 0,
    "rtt4": {
    "0_49": 0,
    "50_179": 0,
    "180_399": 67.96461234567903,
    "400_999": 32.03077037037038,
    "1000_1999": 0,
    "2000+": 0
    },
    "score": 9.261333333333333
}