{
    "status": "",
    "received_packets": 13165,
    "min_max_window": 0,
    "sent_packets": 27000,
    "loss": 0.00022222222222225695,
    "bad_loss": 0,
    "rtt4": {
        "0_49": 99.99974074074075,
        "50_179": 0,
        "180_399": 0.000037037037037037037,
        "400_999": 0,
        "1000_1999": 0,
        "2000+": 0
    },
    "score": 9.999925740740741
}