{
    "status": "",
    "received_packets": 539977,
    "min_max_window": 540000,
    "sent_packets": 540000,
    "loss": 0.004092592592594357,
    "bad_loss": 0,
    "rtt4": {
    "0_49": 0,
    "50_179": 0,
    "180_399": 68.03031481481479,
    "400_999": 31.965592592592593,
    "1000_1999": 0,
    "2000+": 0
    },
    "score": 9.252500000000003
}