{
    "status": "",
    "received_packets": 95983,
    "min_max_window": 96000,
    "sent_packets": 96000,
    "loss": 0.017687500000000113,
    "bad_loss": 0,
    "rtt4": {
    "0_49": 0,
    "50_179": 0,
    "180_399": 76.12796875000002,
    "400_999": 23.854343750000016,
    "1000_1999": 0,
    "2000+": 0
    },
    "score": 9.312999999999995
}