{
    "status": "",
    "received_packets": 239212,
    "min_max_window": 539999,
    "sent_packets": 540000,
    "loss": 55.701318106043914,
    "bad_loss": 1.5242884702919899,
    "rtt4": {
    "0_49": 0,
    "50_179": 0,
    "180_399": 7.351821535896735,
    "400_999": 35.09540021174509,
    "1000_1999": 1.8514555166846134,
    "2000+": 0.0000046296296296296296
    },
    "score": -10.615
}