{
    "status": "",
    "received_packets": 78311,
    "min_max_window": 323999,
    "sent_packets": 324000,
    "loss": 75.8297355490876,
    "bad_loss": 2.3777882648564916,
    "rtt4": {
    "0_49": 0,
    "50_179": 0,
    "180_399": 1.8359537568119213,
    "400_999": 22.334310694100466,
    "1000_1999": 0,
    "2000+": 0
    },
    "score": -17.949333333333335
}