{
    "status": "",
    "received_packets": 26991,
    "min_max_window": 0,
    "sent_packets": 27000,
    "loss": 0.030864197530860338,
    "bad_loss": 0,
    "rtt4": {
    "0_49": 0,
    "50_179": 0,
    "180_399": 99.96913580246913,
    "400_999": 0,
    "1000_1999": 0,
    "2000+": 0
    },
    "score": 9.489866255144033
}