{
    "status": "",
    "received_packets": 2380,
    "min_max_window": 0,
    "sent_packets": 540000,
    "loss": 0,
    "bad_loss": 0,
    "rtt4": {
        "0_49": 2.5514329837207246,
        "50_179": 7.5116756282180495,
        "180_399": 8.717837814781305,
        "400_999": 23.098103670015483,
        "1000_1999": 13.967531688482582,
        "2000+": 44.153418214781844
    },
    "score": 7.110825312099743
}