{
    "status": "",
    "received_packets": 128886,
    "min_max_window": 539999,
    "sent_packets": 540000,
    "loss": 76.13202727228177,
    "bad_loss": 1.693039700334467,
    "rtt4": {
    "0_49": 0,
    "50_179": 0,
    "180_399": 1.0591969464345992,
    "400_999": 22.808775781283625,
    "1000_1999": 0,
    "2000+": 0
    },
    "score": -17.362500000000004
}