{
    "status": "",
    "received_packets": 26992,
    "min_max_window": 0,
    "sent_packets": 27000,
    "loss": 0.027160493827158422,
    "bad_loss": 0,
    "rtt4": {
    "0_49": 0,
    "50_179": 0,
    "180_399": 99.97283950617286,
    "400_999": 0,
    "1000_1999": 0,
    "2000+": 0
    },
    "score": 9.49108230452675
}