{
    "status": "",
    "received_packets": 15244,
    "min_max_window": 0,
    "sent_packets": 27000,
    "loss": 0,
    "bad_loss": 0,
    "rtt4": {
        "0_49": 99.99214195500161,
        "50_179": 0.0034218214146103407,
        "180_399": 0.004436223583805909,
        "400_999": 0,
        "1000_1999": 0,
        "2000+": 0
    },
    "score": 9.999977818882078
}