{
    "status": "",
    "received_packets": 16412,
    "min_max_window": 0,
    "sent_packets": 27000,
    "loss": 0,
    "bad_loss": 0,
    "rtt4": {
        "0_49": 99.99996663329996,
        "50_179": 0.0000333667000333667,
        "180_399": 0,
        "400_999": 0,
        "1000_1999": 0,
        "2000+": 0
    },
    "score": 10
}