{
    "status": "",
    "received_packets": 91626,
    "min_max_window": 539982,
    "sent_packets": 540000,
    "loss": 83.03136741886644,
    "bad_loss": 50.365962062805785,
    "rtt4": {
    "0_49": 0,
    "50_179": 0,
    "180_399": 9.174989579946569,
    "400_999": 7.793643001186999,
    "1000_1999": 0,
    "2000+": 0
    },
    "score": -68.17962962962963
}