{
    "status": "",
    "received_packets": 185171,
    "min_max_window": 539927,
    "sent_packets": 540000,
    "loss": 65.70276528527737,
    "bad_loss": 49.328270743251274,
    "rtt4": {
    "0_49": 0,
    "50_179": 0,
    "180_399": 19.073057379980874,
    "400_999": 15.224177334741793,
    "1000_1999": 0,
    "2000+": 0
    },
    "score": -61.51149425287356
}