{
    "status": "",
    "received_packets": 10790,
    "min_max_window": 0,
    "sent_packets": 10800,
    "loss": 0.0914351851851869,
    "bad_loss": 0,
    "rtt4": {
    "0_49": 0,
    "50_179": 0,
    "180_399": 99.90856481481481,
    "400_999": 0,
    "1000_1999": 0,
    "2000+": 0
    },
    "score": 9.469978780864198
}