{
    "status": "",
    "received_packets": 31759,
    "min_max_window": 323942,
    "sent_packets": 324000,
    "loss": 90.19558648977426,
    "bad_loss": 64.24511243512136,
    "rtt4": {
    "0_49": 0,
    "50_179": 0,
    "180_399": 2.1077560288413433,
    "400_999": 6.405759888743836,
    "1000_1999": 0.8984197870520628,
    "2000+": 0.3924778055884937
    },
    "score": -84.44666666666672
}