{"received_packets":96,"min_max_window":0,"sent_packets":100,"loss":4,"bad_loss":0,"Rtt":{"0_49":93,"50_179":0,"180_399":0,"400_999":3,"1000_1999":0,"2000+":0},"score":8.629166666666666,"throughput_Mbs":0.1126787152933211}
