{
    "status": "",
    "received_packets": 266115,
    "min_max_window": 323999,
    "sent_packets": 324000,
    "loss": 17.86568143917303,
    "bad_loss": 0.00020987654320987653,
    "rtt4": {
    "0_49": 0,
    "50_179": 0,
    "180_399": 53.60068495999606,
    "400_999": 28.53363360083094,
    "1000_1999": 0,
    "2000+": 0
    },
    "score": 3.424
}