{
    "status": "",
    "received_packets": 26989,
    "min_max_window": 0,
    "sent_packets": 27000,
    "loss": 0.03851851851852075,
    "bad_loss": 0,
    "rtt4": {
    "0_49": 0,
    "50_179": 0,
    "180_399": 99.96148148148147,
    "400_999": 0,
    "1000_1999": 0,
    "2000+": 0
    },
    "score": 9.487353086419754
}